,cv_f1_mean,best_params,test_accuracy,test_precision_macro,test_recall_macro,test_f1_macro
NaiveBayes,0.8241376831425556,{'alpha': 0.1},0.6875,0.7181818181818183,0.6875,0.6761133603238867
LogisticRegression,0.7310095202149175,{'C': 1},0.59375,0.6038961038961039,0.59375,0.5835835835835836
DecisionTree,0.5842216878573699,"{'ccp_alpha': 0.01, 'max_depth': 5}",0.71875,0.7705314009661836,0.71875,0.7046153846153846
RandomForest,0.7109375,"{'max_depth': 20, 'max_features': 'log2', 'n_estimators': 200}",0.6875,0.7181818181818183,0.6875,0.6761133603238867
GradientBoosting,0.6763537132532635,"{'learning_rate': 0.01, 'max_depth': 5, 'n_estimators': 200}",0.6875,0.7,0.6875,0.6825396825396826
