,cv_f1_mean,best_params,test_accuracy,test_precision_macro,test_recall_macro,test_f1_macro
NaiveBayes,0.8018599466500517,{'alpha': np.float64(0.9444444444444444)},0.875,0.9,0.875,0.873015873015873
LogisticRegression,0.6844411430648313,{'C': np.float64(37.92690190732246)},0.625,0.6333333333333333,0.625,0.6190476190476191
DecisionTree,0.6218142656782207,"{'max_depth': None, 'ccp_alpha': np.float64(0.01)}",0.53125,0.5313725490196078,0.53125,0.530791788856305
RandomForest,0.7421875,"{'n_estimators': 200, 'max_features': 'sqrt', 'max_depth': 10}",0.78125,0.8116883116883117,0.78125,0.7757757757757757
GradientBoosting,0.7523695499920291,"{'n_estimators': 200, 'max_depth': 5, 'learning_rate': 0.1}",0.65625,0.6568627450980392,0.65625,0.6559139784946236
